Date,Price Return
2004-11-18,-0.0032698162
2004-11-19,0.0081447964
2004-11-22,0.0049371634
2004-11-23,0.0007815989
2004-11-24,0.0010041281
2004-11-26,0.0053499777
2004-11-29,0.0005543237
2004-11-30,0.0047645429
2004-12-01,-0.0012130569
2004-12-02,0.0029811196
2004-12-03,-0.0122192867
2004-12-06,0.0098071994
2004-12-07,-0.0027590774
2004-12-08,-0.0329791943
2004-12-09,0.0004577707
2004-12-10,-0.0070921986
2004-12-13,0.0025345622
2004-12-14,0.0045966444
2004-12-15,0.0043468314
2004-12-16,0.0011389522
2004-12-17,-0.0013651877
2004-12-20,0.0080884028
2004-12-21,-0.0033902136
2004-12-22,0.0001133915
2004-12-23,0.0002267574
2004-12-27,0.004743598
2004-12-28,-0.0024730353
2004-12-29,-0.0041763985
2004-12-30,-0.0105621806
2004-12-31,-0.0006845219
2005-01-03,-0.0178081916
2005-01-04,0.0004680529
2005-01-05,-0.0040911748
2005-01-06,-0.0038732394
2005-01-07,-0.0050665724
2005-01-10,-0.0052108006
2005-01-11,0.0032142857
2005-01-12,0.0124599502
2005-01-13,-0.0070323488
2005-01-14,-0.0025967894
2005-01-18,-0.0017751479
2005-01-19,0.0075874333
2005-01-20,-0.004824097
2005-01-21,0.0009458501
2005-01-24,0.0095676825
2005-01-25,-0.0066690067
2005-01-26,0.0030624264
2005-01-27,-0.0030530766
2005-01-28,0.005418139
2005-01-31,-0.0108950328
2005-02-01,-0.0029610328
2005-02-02,0.0016631029
2005-02-03,-0.0120967742
2005-02-04,-0.0014405762
2005-02-07,-0.0036066362
2005-02-08,-0.0079633205
2005-02-09,0.0001216249
2005-02-10,0.0105800803
2005-02-11,0.0080625752
2005-02-14,0.0127730691
2005-02-15,0.0004714757
2005-02-16,-0.003063148
2005-02-17,0.0074450485
2005-02-18,0.0019941349
2005-02-22,0.0134628893
2005-02-23,-0.0005775673
2005-02-24,0.0026583449
2005-02-25,0.0011527378
2005-02-28,0.0027633851
2005-03-01,-0.0045929498
2005-03-02,-0.003922021
2005-03-03,-0.0035900405
2005-03-04,0.0075546258
2005-03-07,-0.001038182
2005-03-08,0.0098152425
2005-03-09,0.0051457976
2005-03-10,0.003185438
2005-03-11,0.0063506464
2005-03-14,-0.0039441064
2005-03-15,-0.0029415092
2005-03-16,0.0053330308
2005-03-17,-0.0099322799
2005-03-18,-0.0033059736
2005-03-21,-0.0101795722
2005-03-22,-0.0012710885
2005-03-23,-0.013884068
2005-03-24,-0.0023465916
2005-03-28,0.0035386065
2005-03-29,-0.0012995026
2005-03-30,0.0008214034
2005-03-31,0.0024621878
2005-04-01,-0.0008187135
2005-04-04,-0.0076085684
2005-04-05,0.0016513329
2005-04-06,0.0027084315
2005-04-07,0.0052847915
2005-04-08,-0.0065420561
2005-04-11,0.0089369708
2005-04-12,-0.003962704
2005-04-13,0.0004680552
2005-04-14,-0.0094736842
2005-04-15,0.002715787
2005-04-18,0.0027084315
2005-04-19,0.0039929536
2005-04-20,0.0134518657
2005-04-21,0.0018467221
2005-04-22,0.0013824885
2005-04-25,-0.0039116429
2005-04-26,0.0094710095
2005-04-27,-0.0060640732
2005-04-28,-0.0042592379
2005-04-29,0.0073988439
2005-05-02,-0.0108419244
2005-05-03,-0.0071376882
2005-05-04,0.0021032952
2005-05-05,0.0008162313
2005-05-06,-0.0093207503
2005-05-09,0.0008232389
2005-05-10,0.0044653349
2005-05-11,-0.0030416472
2005-05-12,-0.0043417038
2005-05-13,-0.0100176783
2005-05-16,-0.0017857143
2005-05-17,0.0017889088
2005-05-18,-0.0005952381
2005-05-19,0.002501489
2005-05-20,-0.0066539924
2005-05-23,0
2005-05-24,0.0007177033
2005-05-25,0.0002390629
2005-05-26,-0.0009560229
2005-05-27,0.0005980861
2005-05-31,-0.0090854752
2005-06-01,0.0021715527
2005-06-02,0.0121584206
2005-06-03,0.0074928639
2005-06-06,0.0054302916
2005-06-07,-0.0041094282
2005-06-08,0.0010610705
2005-06-09,-0.0048286421
2005-06-10,0.0001183432
2005-06-13,0.0155011241
2005-06-14,-0.005243533
2005-06-15,0.0043340752
2005-06-16,0.0100303242
2005-06-17,0.0103926097
2005-06-20,0.0042285714
2005-06-21,-0.0094457722
2005-06-22,0.0041360294
2005-06-23,0.0049199085
2005-06-24,0.0031879768
2005-06-27,-0.0028373624
2005-06-28,-0.0052356021
2005-06-29,-0.0027459954
2005-06-30,0.0029830197
2005-07-01,-0.010295127
2005-07-05,-0.0204576976
2005-07-06,-0.0005899705
2005-07-07,0.0040141677
2005-07-08,-0.0018814675
2005-07-11,-0.0004712535
2005-07-12,0.0048326261
2005-07-13,-0.0041055718
2005-07-14,-0.0004711425
2005-07-15,-0.0140230969
2005-07-18,0.0060953747
2005-07-19,-0.0039201711
2005-07-20,0.0069171139
2005-07-21,0.0049745351
2005-07-22,0.0017678256
2005-07-25,0.0009411765
2005-07-26,-0.0050540668
2005-07-27,0.0017720024
2005-07-28,0.0056603774
2005-07-29,0.006097561
2005-08-01,0.0061771562
2005-08-02,-0.0015058496
2005-08-03,0.0083526682
2005-08-04,0.0092038656
2005-08-05,-0.0007979936
2005-08-08,-0.0046776954
2005-08-09,-0.0066483265
2005-08-10,0.007500577
2005-08-11,0.0096208911
2005-08-12,0.0147475893
2005-08-15,-0.0083845724
2005-08-16,-0.0011273957
2005-08-17,-0.0022573363
2005-08-18,-0.0053167421
2005-08-19,0
2005-08-22,0
2005-08-23,-0.000682361
2005-08-24,0.0014794583
2005-08-25,-0.0026136364
2005-08-26,-0.0047852341
2005-08-29,-0.0009172418
2005-08-30,-0.013061539
2005-08-31,0.0060373853
2005-09-01,0.0146566647
2005-09-02,0.0090991811
2005-09-06,0.0012398557
2005-09-07,0.0020263425
2005-09-08,0.0078642849
2005-09-09,-0.0006688218
2005-09-12,0.0002230898
2005-09-13,-0.0065796811
2005-09-14,0.0087561742
2005-09-15,0.0122412642
2005-09-16,0.0052770449
2005-09-19,0.0159667542
2005-09-20,0.0006458558
2005-09-21,0.0092512909
2005-09-22,-0.0060754637
2005-09-23,-0.0077211796
2005-09-26,-0.0020533881
2005-09-27,0.0051981806
2005-09-28,-0.0002154708
2005-09-29,0.0181034483
2005-09-30,0.0017993226
2005-10-03,-0.0151082937
2005-10-04,0.0028963742
2005-10-05,-0.0084501016
2005-10-06,0.0179072276
2005-10-07,0.001907588
2005-10-10,0.0010577533
2005-10-11,0.0048605241
2005-10-12,-0.0008412198
2005-10-13,-0.0117869922
2005-10-14,-0.0074547391
2005-10-17,0.0182403433
2005-10-18,-0.0052687039
2005-10-19,-0.0129237288
2005-10-20,-0.0034342134
2005-10-21,-0.0031229808
2005-10-24,0.0070217133
2005-10-25,0.0131945934
2005-10-26,0.0020116464
2005-10-27,0.0025359256
2005-10-28,-0.0076939292
2005-10-31,0
2005-11-01,-0.0238980351
2005-11-02,0.0028291621
2005-11-03,0.0022786458
2005-11-04,-0.002923027
2005-11-07,-0.0086862106
2005-11-08,0.0111719606
2005-11-09,0.0020580589
2005-11-10,0.0096205816
2005-11-11,-0.0005353319
2005-11-14,0.0016068559
2005-11-15,0.0016042781
2005-11-16,0.0160170849
2005-11-17,0.0218602207
2005-11-18,-0.0006170935
2005-11-21,0.0063805701
2005-11-22,0.007464976
2005-11-23,-0.0101502233
2005-11-25,0.0170221493
2005-11-28,0.0002016536
2005-11-29,0
2005-11-30,-0.0007056452
2005-12-01,0.0082719661
2005-12-02,0.0055027514
2005-12-05,0.0062686567
2005-12-06,-0.0027687135
2005-12-07,0.0221120476
2005-12-08,0.0005820722
2005-12-09,0.0190032965
2005-12-12,0.0209324453
2005-12-13,-0.0260950606
2005-12-14,-0.0248803828
2005-12-15,-0.0063788027
2005-12-16,0.0014814815
2005-12-19,0.0034516765
2005-12-20,-0.0122850123
2005-12-21,-0.0268656716
2005-12-22,0.0224948875
2005-12-23,-0.0003988923
2005-12-27,0.0103751091
2005-12-28,0.0257709319
2005-12-29,-0.0096525097
2005-12-30,0.0021371791
2006-01-03,0.0309351086
2006-01-04,-0.0009433962
2006-01-05,-0.0089707271
2006-01-06,0.0200095283
2006-01-09,0.0116767865
2006-01-10,0.0036934441
2006-01-11,0.0016559338
2006-01-12,-0.0034900808
2006-01-13,0.0105990783
2006-01-17,0.009119927
2006-01-18,-0.0149118843
2006-01-19,0.0178899083
2006-01-20,0.0225326724
2006-01-23,-0.0224768621
2006-01-24,0.0049594229
2006-01-25,0.0080753701
2006-01-26,-0.0093457944
2006-01-27,0.0094339623
2006-01-30,0.0057854918
2006-01-31,0.0066371681
2006-02-01,-0.0008791209
2006-02-02,0.0068631764
2006-02-03,-0.0055055492
2006-02-06,0.0013181019
2006-02-07,-0.0193944713
2006-02-08,-0.0178091999
2006-02-09,0.0209567198
2006-02-10,-0.0058009817
2006-02-13,-0.0138240575
2006-02-14,-0.0174767886
2006-02-15,0.001482305
2006-02-16,-0.0032377428
2006-02-17,0.024037123
2006-02-21,0.0041689324
2006-02-22,-0.0018050542
2006-02-23,-0.0032549729
2006-02-24,0.0053519594
2006-02-27,-0.001624109
2006-02-28,0.0049706281
2006-03-01,0.0148381295
2006-03-02,-0.000886132
2006-03-03,0.0022172949
2006-03-06,0.0004424779
2006-03-07,-0.0216718266
2006-03-08,-0.0149186257
2006-03-09,0.0098210188
2006-03-10,-0.0274495546
2006-03-13,0.0158878505
2006-03-14,0.0042318307
2006-03-15,0.0196042506
2006-03-16,-0.0067385445
2006-03-17,0
2006-03-20,0.0054274084
2006-03-21,-0.0148448043
2006-03-22,0.0059360731
2006-03-23,-0.0077167499
2006-03-24,0.0187557182
2006-03-27,0.014818141
2006-03-28,0.0044247788
2006-03-29,-0.0044052863
2006-03-30,0.0336283186
2006-03-31,-0.0034246575
2006-04-03,0.0085910653
2006-04-04,0.0017035775
2006-04-05,-0.0025510204
2006-04-06,0.010230179
2006-04-07,-0.0046413502
2006-04-10,0.0127172531
2006-04-11,0.0008371704
2006-04-12,-0.0008364701
2006-04-13,-0.0071159481
2006-04-17,0.0267226916
2006-04-18,0.0096961111
2006-04-19,0.0162667751
2006-04-20,0.0004001601
2006-04-21,-0.0024
2006-04-24,-0.0016038492
2006-04-25,0.0196787149
2006-04-26,0.0011815675
2006-04-27,0.0039339103
2006-04-28,0.0094043887
2006-05-01,0.0010755466
2006-05-02,0.0252947632
2006-05-03,0.0190620272
2006-05-04,-0.0001484561
2006-05-05,0.0066815145
2006-05-08,-0.0036873156
2006-05-09,0.0233160622
2006-05-10,0.0125135624
2006-05-11,0.0222888984
2006-05-12,0.0132774284
2006-05-15,-0.0517241379
2006-05-16,0.0065454545
2006-05-17,0.0108381503
2006-05-18,-0.0085775554
2006-05-19,-0.0605623648
2006-05-22,0.0015349194
2006-05-23,0.0218390805
2006-05-24,-0.0273715786
2006-05-25,-0.0092521203
2006-05-26,-0.0003891051
2006-05-30,0.028415726
2006-05-31,-0.0113550341
2006-06-01,-0.0428790199
2006-06-02,0.0116
2006-06-05,0.0151047845
2006-06-06,-0.0230601433
2006-06-07,-0.0147527911
2006-06-08,-0.0060704168
2006-06-09,0.003257329
2006-06-12,-0.011038961
2006-06-13,-0.0372619829
2006-06-14,-0.0319693095
2006-06-15,0.0030823426
2006-06-16,0.0079016681
2006-06-19,-0.0052264808
2006-06-20,-0.0070052539
2006-06-21,0.0134038801
2006-06-22,0.017229377
2006-06-23,-0.0083832335
2006-06-26,0.0067287785
2006-06-27,0.0089974293
2006-06-28,-0.0101910828
2006-06-29,0.0111540112
2006-06-30,0.0411540093
2006-07-03,0.015403423
2006-07-05,0.0000802633
2006-07-06,0.0048154093
2006-07-07,0.0087859425
2006-07-10,-0.008709422
2006-07-11,0.0075878594
2006-07-12,0.0305192231
2006-07-13,-0.0007692308
2006-07-14,0.0211701309
2006-07-17,-0.0162080663
2006-07-18,-0.0114942529
2006-07-19,-0.0052713178
2006-07-20,0.0014027431
2006-07-21,-0.013229572
2006-07-24,-0.044637224
2006-07-25,0.0215453195
2006-07-26,-0.0071919192
2006-07-27,0.0402083672
2006-07-28,-0.0029733959
2006-07-31,-0.0072202166
2006-08-01,0.0075098814
2006-08-02,0.0269125147
2006-08-03,-0.0152811736
2006-08-04,0.0121818746
2006-08-07,-0.0038328862
2006-08-08,-0.0057714506
2006-08-09,0.0046439628
2006-08-10,-0.0065485362
2006-08-11,-0.0003877472
2006-08-14,-0.0308766486
2006-08-15,0.0014409222
2006-08-16,0.0067945643
2006-08-17,-0.0067487098
2006-08-18,-0.0185451639
2006-08-21,0.0180811207
2006-08-22,-0.0036
2006-08-23,0.0085909273
2006-08-24,-0.0069256488
2006-08-25,-0.004008016
2006-08-28,-0.0124656055
2006-08-29,-0.0001723579
2006-08-30,0.0070916205
2006-08-31,0.0093079725
2006-09-01,-0.0039294306
2006-09-05,0.0268899444
2006-09-06,-0.0036848295
2006-09-07,-0.0218759836
2006-09-08,-0.0185036203
2006-09-11,-0.0360655738
2006-09-12,0.0045918367
2006-09-13,-0.0028779414
2006-09-14,-0.0078098472
2006-09-15,-0.0184804928
2006-09-18,0.0120292887
2006-09-19,0.0051679587
2006-09-20,-0.0055698372
2006-09-21,-0.0025850926
2006-09-22,0.0177105832
2006-09-25,-0.0072156197
2006-09-26,0.0106883283
2006-09-27,0.0046531303
2006-09-28,0.0155789474
2006-09-29,-0.0062189055
2006-10-02,0.002252816
2006-10-03,-0.0305527806
2006-10-04,-0.0148561614
2006-10-05,-0.0005230126
2006-10-06,-0.0218908076
2006-10-09,0.0258582256
2006-10-10,-0.0066927423
2006-10-11,0.0047252363
2006-10-12,-0.0019160425
2006-10-13,0.0228621291
2006-10-16,0.0153557413
2006-10-17,-0.0085699882
2006-10-18,0.006779661
2006-10-19,0.0054713805
2006-10-20,-0.0010883215
2006-10-23,-0.0232148843
2006-10-24,-0.0122694123
2006-10-25,0.0089471855
2006-10-26,0.0266896255
2006-10-27,0
2006-10-30,0.0205450734
2006-10-31,-0.0078060805
2006-11-01,0.0171428571
2006-11-02,0.0108288552
2006-11-03,0.003221909
2006-11-06,0.0053793657
2006-11-07,-0.0005590161
2006-11-08,-0.0040751099
2006-11-09,0.0032894737
2006-11-10,0.006477409
2006-11-13,-0.0092165899
2006-11-14,0.0056134723
2006-11-15,-0.0147527911
2006-11-16,0.0113314448
2006-11-17,-0.0068027211
2006-11-20,0.0080580177
2006-11-21,-0.001598721
2006-11-22,0.0116893515
2006-11-24,0.0121874011
2006-11-27,-0.0011727912
2006-11-28,-0.002739726
2006-11-29,0.0007849294
2006-11-30,0.0144313725
2006-12-01,0.0031699397
2006-12-04,-0.004238921
2006-12-05,-0.0001547988
2006-12-06,-0.0153274501
2006-12-07,-0.0129716981
2006-12-08,0.0153723616
2006-12-11,-0.0167085033
2006-12-12,0.0019944156
2006-12-13,-0.0063694268
2006-12-14,0.0054487179
2006-12-15,-0.0058176602
2006-12-18,-0.0156312625
2006-12-19,0.0105863192
2006-12-20,-0.0020145044
2006-12-21,0.0020185709
2006-12-22,0.0043988344
2006-12-26,0.0053527657
2006-12-27,0.0030875015
2006-12-28,0.0055688146
2006-12-29,0.0049284189
2007-01-03,0.0117856484
2007-01-04,-0.0216308746
2007-01-05,-0.0305392079
2007-01-08,0
2007-01-09,0.0001640689
2007-01-10,-0.0019685039
2007-01-11,0.0059171598
2007-01-12,0.0126633987
2007-01-16,0.0117789431
2007-01-17,-0.000877123
2007-01-18,0.0135674381
2007-01-19,-0.0094488189
2007-01-22,0.0158982512
2007-01-23,0.0054773083
2007-01-24,-0.0006225681
2007-01-25,0.0150288117
2007-01-26,-0.0095895666
2007-01-29,-0.00116189
2007-01-30,0.0006979449
2007-01-31,0.0082145071
2007-02-01,0.0149116065
2007-02-02,-0.0219630415
2007-02-05,0.0057302153
2007-02-06,0.0059285494
2007-02-07,0.0007654038
2007-02-08,0.0034416826
2007-02-09,0.0129573171
2007-02-12,0.0000752445
2007-02-13,0.0048905274
2007-02-14,0.0006738544
2007-02-15,-0.0052375608
2007-02-16,0.0005265137
2007-02-20,-0.00180424
2007-02-21,-0.003991565
2007-02-22,0.0232136106
2007-02-23,0.00945906
2007-02-26,0.0040263543
2007-02-27,-0.013926358
2007-02-28,-0.0177462289
2007-03-01,0.0093345378
2007-03-02,-0.0275954654
2007-03-05,-0.0232397607
2007-03-06,0.0109933255
2007-03-07,0.0041165049
2007-03-08,0.0121441832
2007-03-09,-0.0030569354
2007-03-12,-0.0068991951
2007-03-13,0.0047086067
2007-03-14,-0.0116011063
2007-03-15,0.008161679
2007-03-16,0.0072474942
2007-03-19,0.0027556644
2007-03-20,0.0061068702
2007-03-21,-0.0003793627
2007-03-22,0.0064516129
2007-03-23,-0.0101809955
2007-03-26,0.0102857143
2007-03-27,0.0015082956
2007-03-28,0.0041415663
2007-03-29,-0.008623922
2007-03-30,0.0011346445
2007-04-02,-0.0052890064
2007-04-03,0.0091150779
2007-04-04,0.0120436583
2007-04-05,0.0018594273
2007-04-09,-0.0049357139
2007-04-10,0.0107795646
2007-04-11,0.0011809861
2007-04-12,-0.0014007667
2007-04-13,0.0066445183
2007-04-16,0.0069673634
2007-04-17,0.0021849964
2007-04-18,0.0010901163
2007-04-19,-0.0099455535
2007-04-20,0.0139316615
2007-04-23,-0.00390512
2007-04-24,-0.0004356033
2007-04-25,-0.0063916328
2007-04-26,-0.0160818713
2007-04-27,0.0066864785
2007-04-30,-0.0007380074
2007-05-01,-0.0050221566
2007-05-02,-0.0060866983
2007-05-03,0.0070201643
2007-05-04,0.0216552952
2007-05-07,0.0008798586
2007-05-08,-0.0074789692
2007-05-09,-0.0018268177
2007-05-10,-0.013909224
2007-05-11,-0.0066815145
2007-05-14,0.001793722
2007-05-15,-0.0029095792
2007-05-16,-0.000748223
2007-05-17,-0.016473231
2007-05-18,0.0003806624
2007-05-21,0.00152207
2007-05-22,0.0060790274
2007-05-23,0.0000755287
2007-05-24,-0.0046069028
2007-05-25,-0.0056145675
2007-05-29,0.0074011903
2007-05-30,-0.0113610543
2007-05-31,0.0098827856
2007-06-01,0.0112274313
2007-06-04,0.0069017254
2007-06-05,0.0005960364
2007-06-06,-0.0026805659
2007-06-07,-0.0014185456
2007-06-08,-0.0201869159
2007-06-11,-0.0075543686
2007-06-12,-0.004690143
2007-06-13,0.0006179992
2007-06-14,0.0086466456
2007-06-15,-0.0002296211
2007-06-18,0.0044403614
2007-06-19,0.0004573171
2007-06-20,0.0021331708
2007-06-21,-0.0109472404
2007-06-22,0.0036126057
2007-06-25,-0.0032166654
2007-06-26,-0.0057625816
2007-06-27,-0.0075734158
2007-06-28,0.0080205575
2007-06-29,0.0050212437
2007-07-02,0.0065334358
2007-07-03,-0.0007636502
2007-07-05,-0.0049675201
2007-07-06,-0.0034562212
2007-07-09,0.0192678227
2007-07-10,0.0006805293
2007-07-11,0.0019646365
2007-07-12,0.0064102564
2007-07-13,-0.0011240165
2007-07-16,-0.0007501875
2007-07-17,0.0007507508
2007-07-18,0.0003750938
2007-07-19,0.0116235471
2007-07-20,0.0105263158
2007-07-23,0.0005868545
2007-07-24,0.003372434
2007-07-25,-0.0139558673
2007-07-26,-0.0070396443
2007-07-27,-0.0141791045
2007-07-30,0.0015140045
2007-07-31,0.0060468632
2007-08-01,0.0003756574
2007-08-02,0.0007510327
2007-08-03,0.0063789869
2007-08-06,0.0014914243
2007-08-07,-0.0052122115
2007-08-08,0.0112275449
2007-08-09,-0.0190969652
2007-08-10,0.0089043163
2007-08-13,0.0003739716
2007-08-14,-0.0005981308
2007-08-15,-0.0016458442
2007-08-16,-0.0074934432
2007-08-17,-0.0071725179
2007-08-20,0.0030418251
2007-08-21,-0.0030326005
2007-08-22,0.0030418251
2007-08-23,0.0018953753
2007-08-24,0.0001513432
2007-08-27,-0.001966378
2007-08-28,0.0097786003
2007-08-29,-0.0026276276
2007-08-30,0.0026345502
2007-08-31,0.009009009
2007-09-04,0.0100446429
2007-09-05,0.0022099448
2007-09-06,0.0116133774
2007-09-07,0.0186732544
2007-09-10,0.0035663338
2007-09-11,0.0009239517
2007-09-12,0.0026272811
2007-09-13,-0.0021246459
2007-09-14,0.01682044
2007-09-17,0.003699309
2007-09-18,-0.0059109875
2007-09-19,0.0145505421
2007-09-20,0.012893884
2007-09-21,0.003403676
2007-09-24,-0.0094979647
2007-09-25,-0.0020547945
2007-09-26,0.0085792725
2007-09-27,-0.0040830214
2007-09-28,0.0153741032
2007-10-01,-0.0006729475
2007-10-02,-0.0154882155
2007-10-03,-0.0010259918
2007-10-04,-0.0065046217
2007-10-05,0.0158511371
2007-10-08,-0.0044097693
2007-10-09,0.0030664395
2007-10-10,0.0071331522
2007-10-11,0.010455312
2007-10-12,0.0006675567
2007-10-15,0.0124749833
2007-10-16,-0.0027673453
2007-10-17,0.0075982821
2007-10-18,0.0021639344
2007-10-19,-0.0015049401
2007-10-22,-0.0153997379
2007-10-23,0.0093178037
2007-10-24,-0.0009891197
2007-10-25,0.0132013201
2007-10-26,0.0151791531
2007-10-29,0.0120002567
2007-10-30,-0.0066582118
2007-10-31,0.0079795723
2007-11-01,0.0009499683
2007-11-02,0.0079088896
2007-11-05,0.0103578154
2007-11-06,0.0220565393
2007-11-07,0.0145896657
2007-11-08,0.0079089275
2007-11-09,-0.011413625
2007-11-12,-0.033674083
2007-11-13,0.0009334163
2007-11-14,0.0115013988
2007-11-15,-0.0239704978
2007-11-16,-0.0053526448
2007-11-19,-0.013801836
2007-11-20,0.0213776722
2007-11-21,0.0031426776
2007-11-23,0.0216165414
2007-11-26,0.0180926096
2007-11-27,-0.0231927711
2007-11-28,-0.0111008326
2007-11-29,-0.0090427191
2007-11-30,-0.0138451857
2007-12-03,0.0009572431
2007-12-04,0.0168951227
2007-12-05,-0.0056426332
2007-12-06,0.0107187894
2007-12-07,-0.0112289457
2007-12-10,0.0214511041
2007-12-11,-0.0009264978
2007-12-12,0.0064914992
2007-12-13,-0.0163390663
2007-12-14,-0.0139877607
2007-12-17,0.0015832806
2007-12-18,0.0170723996
2007-12-19,-0.0055952751
2007-12-20,-0.0056267584
2007-12-21,0.0191763596
2007-12-24,0.0004993872
2007-12-26,0.0172198311
2007-12-27,0.0050088036
2007-12-28,0.0057297949
2007-12-31,-0.0065060351
2008-01-02,0.0222429525
2008-01-03,0.0142899321
2008-01-04,-0.0044827385
2008-01-07,0.0049707602
2008-01-08,0.0165842304
2008-01-09,0.0040068689
2008-01-10,0.0082668187
2008-01-11,0.0076335878
2008-01-14,0.012345679
2008-01-15,0.012195122
2008-01-16,-0.0254654984
2008-01-17,-0.0016858668
2008-01-18,-0.0070363073
2008-01-22,-0.0079365079
2008-01-23,0.0151428571
2008-01-24,0.0236419927
2008-01-25,0.0098982678
2008-01-28,0.0038115981
2008-01-29,0.0029834554
2008-01-30,-0.0059491617
2008-01-31,0.0046245919
2008-02-01,-0.0092066071
2008-02-04,-0.0229570921
2008-02-05,-0.006993007
2008-02-06,0.0174647887
2008-02-07,-0.0035991141
2008-02-08,0.0183384273
2008-02-11,0.0019099591
2008-02-12,-0.0010893246
2008-02-13,-0.0196292257
2008-02-14,0.0077864294
2008-02-15,0.0071743929
2008-02-19,0.0126027397
2008-02-20,-0.0043290043
2008-02-21,0.027173913
2008-02-22,-0.0021164021
2008-02-25,-0.0055673383
2008-02-26,-0.0007997867
2008-02-27,0.0240128068
2008-02-28,0.0002605524
2008-02-29,0.0122427716
2008-03-03,0.0174987133
2008-03-04,-0.0037936267
2008-03-05,-0.0104087332
2008-03-06,0.0020523345
2008-03-07,-0.0040962622
2008-03-10,-0.0033419023
2008-03-11,0.0007737942
2008-03-12,0.0056701031
2008-03-13,0.0199897488
2008-03-14,0.0085427136
2008-03-17,0.0077229696
2008-03-18,-0.0044499382
2008-03-19,-0.0479264962
2008-03-20,-0.0341679708
2008-03-24,0.0021131665
2008-03-25,-0.0010307831
2008-03-26,0.0215807931
2008-03-27,0
2008-03-28,-0.0132030631
2008-03-31,-0.000802783
2008-04-01,-0.0490091055
2008-04-02,0.0025344973
2008-04-03,0.0073033708
2008-04-04,0.0100390407
2008-04-07,0.0231916068
2008-04-08,-0.0124123044
2008-04-09,0.0021857923
2008-04-10,0.0119956379
2008-04-11,-0.0002693966
2008-04-14,-0.0013473457
2008-04-15,0.0035078251
2008-04-16,0.0164022587
2008-04-17,0.0010582011
2008-04-18,-0.0393763214
2008-04-21,0.0107290234
2008-04-22,-0.0005443658
2008-04-23,-0.0212418301
2008-04-24,-0.0033388982
2008-04-25,-0.0044667783
2008-04-28,-0.001121705
2008-04-29,-0.0117911286
2008-04-30,-0.0102272727
2008-05-01,-0.0206659013
2008-05-02,0.0005861665
2008-05-05,0.0199810212
2008-05-06,0.0108507922
2008-05-07,-0.0133522727
2008-05-08,0.0100777426
2008-05-09,-0.0011402509
2008-05-12,0.0085616438
2008-05-13,-0.0209394454
2008-05-14,0.001734104
2008-05-15,0.0170225043
2008-05-16,0.0178723404
2008-05-19,0.0105908584
2008-05-20,0.0088251517
2008-05-21,0.0092946966
2008-05-22,-0.0002708559
2008-05-23,0.0051476565
2008-05-27,-0.0223719677
2008-05-28,-0.0046870692
2008-05-29,-0.0216066482
2008-05-30,0.0031143828
2008-06-02,0.0028224668
2008-06-03,-0.0101322826
2008-06-04,0.0048336651
2008-06-05,-0.0053763441
2008-06-06,0.013371266
2008-06-09,0.0064570466
2008-06-10,-0.020362622
2008-06-11,-0.0019931663
2008-06-12,-0.0159771755
2008-06-13,0.0043490867
2008-06-16,0.0256928406
2008-06-17,-0.0075992119
2008-06-18,0.0068065797
2008-06-19,0.0174647887
2008-06-20,0.0049833887
2008-06-23,-0.0292011019
2008-06-24,0.0096481271
2008-06-25,-0.0075885329
2008-06-26,0.0303030303
2008-06-27,0.0109950522
2008-06-30,0.0116911365
2008-07-01,0.0077936039
2008-07-02,-0.0024
2008-07-03,-0.001336541
2008-07-07,-0.0184689507
2008-07-08,0.0046359422
2008-07-09,0.0067861021
2008-07-10,0.0132111081
2008-07-11,0.024747206
2008-07-14,0.0054531291
2008-07-15,0.0185950413
2008-07-16,-0.0086206897
2008-07-17,-0.0122762148
2008-07-18,-0.0059554635
2008-07-21,0.0007814535
2008-07-22,0.0010411244
2008-07-23,-0.0364014561
2008-07-24,0.0016189962
2008-07-25,-0.0080818966
2008-07-28,0.0032590983
2008-07-29,-0.00730915
2008-07-30,-0.0209980911
2008-07-31,0.0228412256
2008-08-01,-0.0059912854
2008-08-04,-0.0073972603
2008-08-05,-0.0262213635
2008-08-06,-0.0028344671
2008-08-07,-0.0090960773
2008-08-08,-0.0218014917
2008-08-11,0
2008-08-12,-0.0407624633
2008-08-13,0.0009171507
2008-08-14,-0.0006108735
2008-08-15,-0.0385085575
2008-08-18,0.0123966942
2008-08-19,-0.0094191523
2008-08-20,0.0342313788
2008-08-21,0.0217591174
2008-08-22,-0.0113977205
2008-08-25,-0.0018500434
2008-08-26,0.0055009972
2008-08-27,0
2008-08-28,0.0136033857
2008-08-29,-0.006263048
2008-09-02,-0.0414165666
2008-09-03,0.0062617408
2008-09-04,0.0028002489
2008-09-05,0.0034129693
2008-09-08,-0.0006184292
2008-09-09,-0.0324876238
2008-09-10,-0.0076750879
2008-09-11,-0.0451176281
2008-09-12,0.0128248397
2008-09-15,0.0329890037
2008-09-16,0.0058064516
2008-09-17,0.0429762668
2008-09-18,0.061500615
2008-09-19,0.0069524913
2008-09-22,0.0230149597
2008-09-23,0.0112485939
2008-09-24,-0.0033370412
2008-09-25,-0.0083705357
2008-09-26,0.0151941474
2008-09-29,0.0033259424
2008-09-30,-0.0226519337
2008-10-01,-0.0050876201
2008-10-02,-0.0318181818
2008-10-03,-0.0281690141
2008-10-06,0.0573671498
2008-10-07,0.0014277556
2008-10-08,0.0305104078
2008-10-09,-0.0221361372
2008-10-10,0.0192416525
2008-10-13,-0.0766240977
2008-10-14,0.0012026458
2008-10-15,0.0174174174
2008-10-16,-0.0525383707
2008-10-17,-0.0224299065
2008-10-20,0.0133843212
2008-10-21,-0.0289308176
2008-10-22,-0.0362694301
2008-10-23,-0.0322580645
2008-10-24,-0.0104166667
2008-10-27,0.0252631579
2008-10-28,0
2008-10-29,0.0458590007
2008-10-30,-0.0114528796
2008-10-31,-0.0324395895
2008-11-03,-0.0017105713
2008-11-04,0.0161069225
2008-11-05,0.0168634064
2008-11-06,0.0009950249
2008-11-07,-0.0255135852
2008-11-10,0.0241414485
2008-11-11,-0.025564409
2008-11-12,-0.0122657581
2008-11-13,-0.015522594
2008-11-14,0.0476524177
2008-11-17,-0.0180602007
2008-11-18,0.0054495913
2008-11-19,0.0325203252
2008-11-20,-0.031496063
2008-11-21,0.0494579946
2008-11-24,0.061975468
2008-11-25,-0.0024316109
2008-11-26,-0.0097501523
2008-11-28,0.0024615385
2008-12-01,-0.0448127686
2008-12-02,0.0025706941
2008-12-03,-0.0176282051
