symbol,source_url,documented_access_date,sha256,bytes,contracts,first_date,last_date,records,early_records,early_unique_dates,duplicate_contract_dates,nonpositive_closes,ohlc_inconsistencies,early_same_contract_moves_over_20pct
c,https://www.turtletrader.com/cddata/c.zip,2026-09-30,29123fc772003e4f2a810fe08b0091c0dad730a04a087bc9edd1a4cf020d63f4,990661,217,1959-07-01,2002-10-01,68669,32823,5292,0,0,0,1
s,https://www.turtletrader.com/cddata/s.zip,2026-09-30,f7455a8b4024860610b2d0972b10c90803077e5382fc1bf1c6e9421b7f39f8f0,1258119,302,1959-07-01,2002-10-01,88422,43363,5290,0,0,0,0
w,https://www.turtletrader.com/cddata/w.zip,2026-09-30,8431768755cc8a91c9c0ed22237e9cd227c8125e74a1e56d9626afa30f4bd691,859279,216,1959-07-01,2002-10-01,62782,29635,5292,0,0,0,0
sb,https://www.turtletrader.com/cddata/sb.zip,2026-09-30,ed6543753e994b0a53e3dee3bc268b08ddd9efee88ea353fc653c84d8a34a63e,907632,208,1961-01-04,2002-09-30,71557,39307,5242,0,0,0,3
si,https://www.turtletrader.com/cddata/si.zip,2026-09-30,236eb3199dbeab41145e2c8447dbdf6d57fcb06e512ef758c1dd6cfe3d0c75d0,1241194,272,1963-06-13,2002-10-01,104660,53496,5263,0,0,0,2
lh,https://www.turtletrader.com/cddata/lh.zip,2026-09-30,8ff66f02308765f2ea53c4076df260b5055c257ae069d4de565b19b23ac37ecb,895250,229,1969-06-25,2002-10-01,68772,43389,5295,0,0,0,0
ct,https://www.turtletrader.com/cddata/ct.zip,2026-09-30,a2e0ad692bc3d8f0ddd423fa96e0b4ddda6d41d48515ba54ef42d8c8c5d9dc63,1019043,221,1959-07-01,2004-06-01,82303,37148,5270,0,0,0,0
gc,https://www.turtletrader.com/cddata/gc.zip,2026-09-30,96292d22406bdcda93b30f995b9f531acfa1b6b7136fabc5ec69eb0e6453395a,1047048,213,1974-12-31,2002-10-01,87586,43582,4027,0,0,0,0
hg,https://www.turtletrader.com/cddata/hg.zip,2026-09-30,afb4b071f848e43e66e31200770870e487f141598a5c973d93f0f146594ddfd0,1326032,319,1959-07-01,2002-10-01,118834,50855,5263,0,0,0,0
ho,https://www.turtletrader.com/cddata/ho.zip,2026-09-30,fa86d4a009cb2df2a557d2ce886cfe87db424b09d92dbdf2a4bb64c5793a9042,986918,277,1979-03-06,2002-10-01,77820,30291,2970,0,0,1,0
cl,https://www.turtletrader.com/cddata/cl.zip,2026-09-30,2dad131a21a37ec1f81291d1fee7707edf8367972300bff9be697c94f3d15f25,1137054,235,1983-03-30,2002-10-01,94240,24188,1948,0,0,0,0
cr,https://www.turtletrader.com/cddata/cr.zip,2026-09-30,f6f1ffec42416329c53db0327688b662f97d5133c6a228c69d9170168f9552dd,174020,84,1986-06-12,2002-08-30,15117,4383,1152,0,0,0,0
kc,https://www.turtletrader.com/cddata/kc.zip,2026-09-30,bb8819325fe2b5cfe1d7f3d06fecdc5f37472a4567b9c6753d7a8d16aed7ece1,645616,148,1973-08-17,2002-10-01,49238,28958,4342,0,0,0,2
pb,https://www.turtletrader.com/cddata/pb.zip,2026-09-30,92e266760d8ac54611e19112ec10d29a6509831d446037989dfa1b5ed1208c89,703452,195,1963-01-22,2002-10-01,53880,31313,5295,0,0,0,0
